{
  "train_losses": [
    2.354339122772217
  ],
  "train_accuracies": [
    12.5
  ],
  "val_losses": [
    2.3209939002990723
  ],
  "val_accuracies": [
    10.546875
  ],
  "test_loss": 2.319109654124779,
  "test_accuracy": 10.0,
  "convergence_speed": 0,
  "training_time": 1.4965293407440186
}